Sample,iliac_artery_left,iliac_artery_right,pulmonary_artery,aorta,kidney_left,kidney_right,heart_myocardium,heart_atrium_left,heart_atrium_right,heart_ventricle_left,heart_ventricle_right,portal_vein_and_splenic_vein,liver,urinary_bladder,inferior_vena_cava,iliac_vena_left,iliac_vena_right
00001_16_5X5_AXIAL_Body_5__resized,77.62970481934373,73.56771325936248,20.976582474742596,69.30738858568243,29.391850560404247,27.59413593208588,48.03336921859245,37.82865231473572,29.035972093100856,66.59244601864499,32.300898504607616,40.664922532020945,14.421209626636749,32.65570155719025,22.25518657465264,24.765466707224974,22.35317199927639
00001_17_2X1_LUNG_Lung_2__resized,100.04477787213946,85.26595192933351,28.838373574153536,86.19352558665135,44.69843487952894,41.945811341159995,53.996067798055016,39.16339478862825,37.758916171067895,72.34958008414846,43.549289684642424,63.836395835055036,27.906305071595394,83.25651485834011,34.26288293073786,30.600910900634975,26.57039143655467
00001_19_2X1_STND_Body_2__resized,97.41235526788432,83.70645249900473,22.35509429022947,81.4788286125546,37.11479814956043,36.28631528089912,48.89407262782629,33.884962211857655,30.656790009365718,73.35650561271234,37.095705130106495,56.945262887435014,18.946028099789505,72.64908472300051,26.1228504416815,24.69114902519232,20.212694096458996
00002_5_AXIAL_2X1_CTA_2__resized,73.45384987702627,81.18382900688887,42.47930315419928,112.36440307265754,43.16573060781273,39.53524874393867,133.90131774713385,96.75855756539313,236.61071815694413,166.4385786645295,52.45049569558145,32.1135804941478,18.920291746770413,,21.4621145632538,25.927378522490464,53.23194307799303
00004_17_2X1_LUNG_Lung_2__resized,119.3654270336607,109.12906679587613,36.79116806597819,140.2211463694788,56.12303432580578,64.22666554000087,79.61785533138466,43.593953448464944,64.57245057207919,116.28420264396296,63.577141377874206,49.29488053525722,27.608712364096768,38.394812192161105,32.921346065722226,43.0240448551857,32.14789184693314
00007_15_5X5_AXIAL_Body_5__resized,108.49596726808116,102.70270963153921,37.812385761985894,77.84932859753764,59.63525365686817,57.25270947741058,77.47233779214173,81.57500649477547,134.94858822374383,73.177712893238,53.09847835267294,52.59106342544159,20.943595598904515,18.498158750639423,36.01284535052696,33.700432466031195,29.58753664995293
00007_16_2X1_LUNG_Lung_2__resized,136.62575395315102,133.4033655380857,38.75715730997925,93.44219915989288,85.0529439749957,81.97979778400516,85.89432013742757,82.6753351976378,130.92525018597124,81.4266332792669,61.65729231421997,91.77916174819605,32.6221009573561,30.513305648387515,47.643196212320916,37.36933485884883,32.005671049768225
00008_15_5X5_AXIAL_Body_5__resized,91.27443969139202,90.81900056594252,26.318703356506504,88.32298080734894,52.73604773270401,50.9044753747472,96.37802302952264,49.1513196167954,61.37510753065032,105.5507541725168,25.146325170262596,39.31222226546749,19.42785502962694,25.097620301078305,28.55924687945112,33.27556828562705,34.609612695026
00008_18_2X1_STND_Body_2__resized,100.3663754890396,95.24966497389677,22.750452313053636,93.34920621692515,66.16538847274226,64.4158982840504,100.8897666315819,38.098488015786614,52.993912590176215,133.07395853894965,27.17462534613279,60.27652354401671,22.454862475116766,28.487477379345094,32.59891185974652,31.534572272490163,26.926701008741006
00014_16_5X5_AXIAL_Body_5__resized,111.25681167641595,92.73878292730761,23.16643749197573,69.5266189384721,44.20917388004745,43.929631376182726,64.87454907272404,41.45995844005578,58.71931420070506,54.608790773108645,31.581175170740153,30.555623233511284,15.263706748271668,20.000204540661365,31.063953917832425,30.882152942883533,35.08353417209005
00014_17_2X1_LUNG_Lung_2__resized,134.4990425181439,102.09369027698158,20.189764862771582,77.0308462065968,66.15581090842208,65.96331382851204,59.58850941180291,43.92767597581288,84.57565198393638,63.22137788676925,36.88149458154792,68.6400263434915,22.54706587155965,24.725207171519266,40.40580379152424,25.84760681200852,32.3668659940659
00014_19_2X1_STND_Body_2__resized,128.6444829450176,102.33042634068234,17.401936355271182,77.06783795430752,61.400994421288445,61.35852700818036,58.79687307203883,42.714941981357846,83.69805340791102,63.98537426494744,34.07635377482493,63.16198370793303,17.290088582068275,19.54363591841132,36.337001004504245,22.683499431553766,29.808657643987043
00015_16_5X5_AXIAL_Body_5__resized,153.96606954234355,135.2250540693644,17.539764266412195,86.72366213631186,47.7595280159055,55.20723152658663,74.05681400254359,24.263617816103732,124.576322606304,40.609015586621666,39.763187562232766,27.654986013138565,16.49653540234281,23.603586835515138,28.63501037233083,40.14655305208317,34.90711356722011
00015_17_2X1_LUNG_Lung_2__resized,218.81783991596564,209.33299020879775,20.213671243868596,118.53356567168889,68.49855313384961,75.32972458938039,66.90848079743942,31.097113205105142,133.79814698316954,49.67919830130693,48.06543627515048,44.57462706350503,25.323881140828036,35.563808437147316,36.62169274591127,41.40068207534,42.987008401676526
00016_12_2X1_LUNG_Lung_2__resized,30.305251164298294,29.48843703157468,27.10931778366265,46.7433791314187,49.20599752482269,47.26585335157175,136.3943313972287,23.36664910976895,42.91297990483195,18.182295254808025,32.07303125622889,39.129371945947526,23.718521666402257,,34.67036382077772,25.282441570647784,22.80763176202765
00016_4_5X5_STND_CTA_5__resized,23.620619384499943,21.521908259634426,25.743581858770046,49.6519760967982,32.03706084467716,29.151165315273882,124.99557662422319,18.80575730904102,45.964456002017215,11.640809868215342,30.591125584430404,20.072033392431983,15.51518558819537,,29.386251714893092,17.382676423879357,12.725980104477571
00016_5_1X1_STND_Body_1__resized,26.906221532933827,24.224979655293765,26.572525870121943,48.28205463133311,45.029279171069376,42.89381860436662,130.5665795197862,20.005317296136703,44.08554559606361,14.366443976093414,29.718429923548562,33.438380532451305,18.48947579303697,,31.14099446255748,19.09946895146582,15.744677161495925
00016_6_2X1_STND_CTA_2__resized,26.310659019642788,23.882527971080524,26.695089442510834,47.76820534735407,43.99433070388372,41.784047457468965,131.21127401012404,19.812457687436915,44.082834219538604,13.928233749577435,29.627950134933517,32.51608382240762,18.01585512179821,,30.697824310781925,18.547253486537713,15.062674598320607
00017_17_2X1_LUNG_Lung_2__resized,195.50127066801375,191.5981095164987,85.13775494099605,125.16968367075343,90.33706038761919,89.28826202266256,88.18183387752094,66.49902928400819,154.40599538824605,128.38024180213142,98.2999620787097,65.06357728044624,33.219352449603825,40.67954014671148,61.53692687529172,38.07219413711937,32.40103188245466
00017_19_2X1_STND_Body_2__resized,180.6978877418556,173.6860390399258,86.51071697846601,130.38483879619048,85.0539203671595,84.00017283640278,86.2737356669679,67.32770265110048,150.11608314800736,142.37408214663083,96.03021241409976,49.76294362411547,21.07246689159027,31.802985247217066,55.361239777771516,29.887783769757245,22.815418124771202
00018_5_1X1_STND_Body_1__resized,80.0291512345457,75.71392878297682,52.875674301956415,58.31996527291028,42.6758807628035,41.39036786824593,98.02070772746342,52.63333799593813,191.6756611203267,59.296549906564955,77.22108779061233,36.45375635470198,17.58298297645935,20.060085773570922,28.60820187677069,29.04229378334743,27.752060482949354
00020_14_5X5_AXIAL_Body_5__resized,172.78709188176322,192.25491577187455,78.69293598214111,104.54036105029232,57.006817098128856,58.43548164086818,106.64026435348403,74.21980636731081,112.61653984028948,121.66760473514692,80.74176239091261,46.45002625840915,17.06717431837647,27.877343890828435,38.27660207600462,39.66439615884559,44.704893277348404
00020_17_2X1_LUNG_Lung_2__resized,134.4990425181439,102.09369027698158,20.189764862771582,77.0308462065968,66.15581090842208,65.96331382851204,59.58850941180291,43.92767597581288,84.57565198393638,63.22137788676925,36.88149458154792,68.6400263434915,22.54706587155965,24.725207171519266,40.40580379152424,25.84760681200852,32.3668659940659
00020_19_2X1_STND_Body_2__resized,128.6444829450176,102.33042634068234,17.401936355271182,77.07778622616961,61.401194788647494,61.35852700818036,58.79021938663688,42.714941981357846,83.69805340791102,63.98435219884849,34.07635377482493,63.16198370793303,17.29098245218882,19.54363591841132,36.337952021305064,22.683499431553766,29.808657643987043
00021_15_5X5_AXIAL_Body_5__resized,,,94.44165026966276,70.90032339952934,63.95315883592516,61.47614793509674,98.25041607911155,72.55731271520061,79.05590219366714,77.41378836678655,93.39975967584996,47.56607637956805,18.85292932366879,,56.03035957163186,,
00021_16_2X1_LUNG_Lung_2__resized,,,102.7687426574226,82.3565598419001,93.5985408357939,93.610680842357,105.08191704363317,78.14558206633826,79.81693428462144,91.63220363615733,106.6050407682254,85.78685906129292,45.59368657258234,,76.46915698846773,,
00021_17_2X1_LUNG_Lung_2__resized,218.81783991596564,209.33299020879775,20.213671243868596,118.53356567168889,68.49855313384961,75.32972458938039,66.90848079743942,31.097113205105142,133.79814698316954,49.67919830130693,48.06543627515048,44.57462706350503,25.323881140828036,35.563808437147316,36.62169274591127,41.40068207534,42.987008401676526
00021_19_2X1_STND_Body_2__resized,205.84486741560815,194.52615092437526,15.603994597206992,112.81690043337981,62.74459511777028,70.16998771764064,65.02803651083103,26.266333200032285,131.3143511694405,47.59734805063699,45.57563878121802,37.107530398275806,18.958144072195793,26.04837104648077,30.98910721421566,37.19740930227945,38.78832921437539
00023_10_2X1_ART_STND_Body_2__resized,,,32.14654019533686,447.9269625895271,50.75201382193767,,178.66526083668666,106.3914825848636,73.76795470918195,146.90100440112357,52.80885843614139,104.52937001582363,25.580423719791398,,56.818662832607316,,
00023_5_1X1_STND_Body_1__resized,26.906221532933827,24.224979655293765,26.58165532450322,48.28205463133311,45.029279171069376,42.89381860436662,130.56403447658036,20.007191792339075,44.144511286508084,14.366443976093414,29.712881072732547,33.438380532451305,18.48804224903918,,31.14099446255748,19.09946895146582,15.744677161495925
00023_8_2x2_ART_STND_Body_2__resized,,,32.895605549396755,411.2854066556685,47.483654922892974,,181.5774364934514,105.51026586311679,73.69055116206766,141.35820475871358,49.32872869049077,93.56003307879445,20.084891955916717,,57.07492687411428,,
00025_16_5X5_AXIAL_Body_5__resized,54.7062235240776,50.921919775563715,31.76233713386838,44.86364630553048,31.47662275736589,30.400217371641336,59.31313862540451,26.683225376923584,101.61807319241697,49.208929881828496,41.98881443757641,32.82488316474396,17.38031785981796,27.440932158339795,21.243177851950044,24.963537639690443,22.515889071526924
00025_17_2X1_LUNG_Lung_2__resized,195.50127066801375,191.54210225433553,85.13389062472254,125.1430218067265,90.33706038761919,89.28826202266256,88.2119056147206,66.50235720853831,154.40599538824605,128.38024180213142,98.29600377491009,65.06357728044624,33.21886541249987,40.68470654355349,61.53692687529172,38.07219413711937,32.40103188245466
00025_19_2X1_STND_Body_2__resized,180.6978877418556,173.6860390399258,86.51071697846601,130.38483879619048,85.0539203671595,84.00017283640278,86.21260092964494,67.32770265110048,150.11608314800736,142.37408214663083,96.03021241409976,49.76294362411547,21.07407419712194,31.802985247217066,55.361239777771516,29.89409190590621,22.815418124771202
00027_15_2X1_LUNG_Lung_2__resized,219.33830042475657,268.02599769267044,75.94339714717938,122.87421594028598,83.73543161871578,82.00379846953327,108.83891755511925,61.36569577130038,126.54963929974714,124.8219820183529,87.63459569399154,62.38822497471745,32.24817658037415,45.16634024272859,51.66140554021742,49.86926720631411,46.18022768575151
00027_16_5X5_AXIAL_Body_5__resized,109.32526048209351,88.78584579454197,34.493360753632984,75.77167934955102,48.424808568585846,48.05204342831443,87.4936089615727,59.308750622987795,112.13124101906676,61.682857700580065,30.718166058731917,31.27325463841803,16.761787786145998,,34.78603733814998,29.61781035350589,34.33943610941978
00027_17_2X1_LUNG_Lung_2__resized,116.0982736450061,103.44875218057992,36.48648977596135,83.2664205624111,73.43034178017153,73.4232706095951,89.45747973851019,62.085591117926164,113.42526850129497,77.55958594164936,41.38879067259447,60.175993751100066,32.764175688298884,,48.84191073170101,40.50518919546006,38.7085458861161
00027_17_2X1_STND_Body_2__resized,196.07093456399443,240.24824987694927,76.29758570577143,117.87397137661034,74.4393154744184,73.43877004826618,105.3169964370165,61.16126247408591,123.5221258611976,135.87528164112055,85.5825620550431,50.63956640860168,20.527364586409597,32.202359343649476,42.69820392027192,39.00296438140246,36.16666846560746
00027_19_2X1_STND_Body_2__resized,114.57083582054553,103.92648236716701,28.996659674594202,84.92866660589902,64.81118614785944,63.79940446433111,87.05410191116239,57.90726891510796,109.5329112438416,76.44843029581037,31.91160309698665,48.380383336726986,19.711906713773605,,39.53608110031151,28.281908681853007,29.92432970469308
00029_3_CTA_3__resized,,,36.12978865709837,49.040073231265346,,,92.31898740226706,52.77008413267592,102.20521905439361,43.97227993596652,44.103819375563155,29.216401239044046,16.231761669217335,,22.464328535266596,,
00029_5_CTA_2__resized,,,28.490612531326434,50.069599665016256,,,121.4539443153619,59.23594377324109,134.54607218140643,48.809345849734775,47.40118432781963,29.466656917614664,17.19234413580843,,21.46579145663624,,
00030_4_CTA_3__resized,,,78.96526053048215,98.92386048138518,77.82783788374061,33.051253599392275,97.56347651524733,86.21269250540166,271.2040231013057,102.46281730771376,123.52809593285635,54.36627217919712,421.94948445722287,,58.75677288116978,,
00032_17_2X1_LUNG_Lung_2__resized,90.12450702357215,74.32896800028293,31.140444048373773,49.65507096436576,44.22913251549507,43.57574260963142,64.41555081057419,25.83333794742349,107.42971521128469,59.59562331959007,47.84069569878961,45.998270009108815,25.38155404054275,36.65894940210226,78.63737407500922,30.166449286585546,28.492619170454994
00033_15_5X5_AXIAL_Body_5__resized,85.1303573825026,96.15127165152157,24.316552450797563,65.78497849211936,55.836452884099984,44.92744567365692,55.70035098377948,26.890745614616236,25.990785807215037,64.57500022024381,23.304538543233612,28.711509945054736,14.463686720801887,51.7393172787012,28.666211382994042,41.44757719680231,39.99261642975111
00033_18_2X1_STND_Body_2__resized,107.18918821439865,125.85594326542821,19.05561215921257,83.58597760774086,70.43793732882651,62.73913418095705,73.18311518849322,34.735195498034685,23.225303303142724,75.12602867623528,26.03180722614032,42.21807984768382,17.47721529250205,72.49919002805791,31.398868992443465,38.104063615739086,40.01865623386014
00034_19_2X1_STND_Body_2__resized,114.57083582054553,103.92648236716701,28.996133764996337,84.92829466409597,64.81437326990942,63.79940446433111,87.05530541333347,57.90726891510796,109.52954194490937,76.44843029581037,31.91160309698665,48.380383336726986,19.7118686374894,,39.532044197635415,28.281908681853007,29.92432970469308
00037_4_BODY_ANGIO_AAA_CTA__1__resized,,,62.36481406944504,61.67225610410764,56.84781051357542,51.43602000375124,95.01371950438191,41.87902303968627,71.7323382976192,78.02199688915672,80.28877789764707,52.42373958123141,25.016449732907077,,31.075046380360813,,
00038_4_BODY_ANGIO_AAA_CTA__1__resized,,,49.749005820137874,59.05224314267409,45.818023811451425,46.174603809603056,76.68671059008358,30.35075681430623,110.752676055186,42.92036460248569,66.85170965507787,31.27040450675491,14.819569160945273,,34.51653292286256,,
00039_5_CTA_0__resized,60.63064695911102,57.86715495710732,42.53330716714575,73.07309392680125,70.46605861304765,73.49757803292317,165.29243193856712,31.08071455354753,230.33428419251,48.50691038910866,30.10491564587636,42.56569547284871,17.924418059841045,38.35642340503711,53.3391787589792,23.996743731700978,21.060802277082608
00040_5_CTA_3__resized,75.57110748468412,74.31892167101279,29.78486104705948,52.7126440152374,85.36750911691578,160.711398071716,59.75442112736693,30.62277848965846,97.99482787916877,50.56683691457198,28.913462630013726,20.1875003867868,13.707418480620454,116.53024538907404,16.898655781867294,23.709356900832265,16.955740865872873
00041_18_2X1_STND_Body_2__resized,107.18918821439865,125.85594326542821,19.05561215921257,83.58597760774086,70.43793732882651,62.73913418095705,73.18311518849322,34.735195498034685,23.225303303142724,75.12602867623528,26.03180722614032,42.21807984768382,17.47721529250205,72.49919002805791,31.398868992443465,38.104063615739086,40.01865623386014
00042_4_CTA_3__resized,107.00335530908553,129.93287984254272,46.392695563643656,128.2831323673156,26.066525850082446,31.167309426741735,58.32740571524331,95.97206544643687,71.18785207219308,130.16330797393044,63.44616730702872,35.03264835453902,15.565238045608368,22.890968916843065,17.477681878523445,28.956333812076334,28.93123471571062
00042_5_CTA_1__resized,141.78361814022873,181.47074183555253,44.4964134105892,134.18518786977273,31.106477255024053,37.613781760268196,59.881756276354935,102.06347115354524,73.33059782423562,139.33189558164216,68.32712422383533,39.266889290261965,19.707449778688297,29.569929646477043,22.206235484450396,30.357597277725105,26.381276453251225
00042_6_CTA_3__resized,107.00335530908553,129.93287984254272,46.392695563643656,128.2845492936219,26.066525850082446,31.164158802937568,58.352583546844855,95.97458231595311,71.18785207219308,130.16312255931524,63.44616730702872,35.03264835453902,15.56835624741053,22.890613446955964,17.477681878523445,28.956333812076334,28.93123471571062
00042_7_CTA_2__resized,138.2165294437091,176.4208871840483,44.18021839923354,133.3698035377845,30.066685721151465,36.58718700665914,58.64782950570874,101.21031303880648,72.68513061710145,138.53231157271776,67.27365243116125,38.65008840869531,18.726055785404302,27.337647996247924,21.103638854390933,29.62093483068135,25.60864041613521
00042_8_Lung_2__resized,124.77826267041708,159.58644672933198,46.85146009823234,125.67766526967277,33.28843089501268,39.9456422429277,59.42385632055235,87.34348509598638,77.46506458127712,118.55127054967038,70.62528469907083,41.07357523958873,21.54230106444049,29.45852257706109,23.740551611921642,30.774865685240485,28.05550593595022
00044_4_CTA_1__resized,,,65.64704770492905,123.01765449094077,,,222.00066281562252,112.68939249215686,99.05055571580168,190.84104630081407,54.37219515157067,,23.13442132694355,,34.07718890593376,,
00013_5_ADRENAL_15_MIN_1x0__resized,26.166449630240855,21.39560029175346,,31.612042156180273,61.53039371473346,72.03970884703237,34.338037033491545,,,,8.62535955334067,29.867573216316526,17.887389246043764,,20.945421860374424,7.876176865831701,11.000918407452177
00014_5_ADRENAL_15_MIN_1x0__resized,25.114513451855455,18.81175666926797,,34.546015642865115,47.81361695186568,51.85893999164322,177.6839165281714,14.037818704983655,128.93772403649697,13.260590907953464,32.74556765437651,22.22623876406581,16.98295973065062,,20.233010636109142,34.88524574761499,18.81182991444877
00015_5_ADRENAL_15_MIN_1x0__resized,60.25126622135619,33.02404437971699,5.403875077003048,56.67447175821941,48.680391812735806,63.02766762995856,70.47155402272152,35.05255989793583,97.9497925185196,58.51485357461942,35.026082037089125,33.14259211359989,20.52517627614321,,20.375630919797167,22.738146052012294,20.797964802445435
00016_8_15_min_AX_SOFT_1x0__resized,13.91579334378739,19.06614573478609,,31.40776834116181,22.08645400211642,22.561714627824713,51.50693846620104,10.537642335720578,12.797205407124464,7.995159719049714,17.925579214233824,17.141154712533012,13.899972367716046,,15.489924946606566,10.964259433811598,13.103988208217158
00017_5_15_min_AX_SOFT_1x0__resized,31.2641052642633,27.102828138927617,,44.75638725917596,158.52645847330226,373.36234639389335,51.91216592137486,,21.682057225903787,8.163710792720487,27.941744746950675,26.02024796081359,17.34991760444845,,15.716660603438239,17.06158241164419,22.895560533406567
00023_5_10_min_delay_2__resized,12.415959281162856,9.27179251530525,,21.340314774186986,44.2321274490386,71.17407565379324,,,,,,13.349501818887873,14.09538634434733,,11.973256801884677,,
00024_12_ABD_SOFT-15min_delay_CHEST_WO__1__resized,63.89404935042001,21.1639330079341,,23.087189007718607,45.627091017303336,47.34541335117064,19.67340897724956,13.319398589501636,15.33094812607017,4.3623449658260585,16.54977123882973,15.411352565355298,16.30433548782714,346.8217093926572,13.546337073609834,19.8940612043226,18.439033828256996
00027_9_10M_DELAY_5__resized,216.08436222961208,193.35177090020204,,58.41989402570212,63.65907846745608,106.2319551074907,134.42216450900662,12.213878891428935,168.582742334795,9.489099834839863,27.247656734766835,11.72247075877149,12.987102147380972,80.2472861622014,18.143999733229112,22.403856000473322,18.29906353295459
00029_7_20_Min_DELAY_5__resized,187.88283565485622,22.453694588055086,23.780484975933504,26.69839801638698,42.09790619982112,27.052005711032134,,,,,,15.040648452350355,16.231136542270214,93.17566198329529,15.780393682919675,16.80246993622527,16.28576865517109
00029_8_20_Min_DELAY_2__resized,138.70702543995833,25.032609198732217,,33.0642443422207,51.427108209898876,29.022557057034586,,,,,,15.68990641291109,17.885765186055313,68.6311319702236,16.22448247798859,14.979895035341356,15.330620983403556
00030_7_10_IMIN_DELA_NIH_UROGRAM__1__resized,35.43321510284168,52.39108419710988,,49.36353020650593,30.595061524988463,80.90423765401248,51.580748328404425,18.532044055374282,75.62421149424833,29.567775481793284,19.884062706179595,16.69269855250863,15.260771053007007,177.2595187513597,16.569550442603916,19.380590346189578,19.516535260529732
00031_7_20_M_DELAY_5__resized,69.95606241458047,15.306919155842964,,16.674232178365276,56.17548056905053,115.28457394464722,,,,,,7.068375095026641,11.711535395359347,166.49344164189426,10.188884799373298,15.915261299272043,13.608146975467566
00032_7_10_M_DELAY_5__resized,101.60770784075518,124.10199978510454,,47.29739106831822,31.916004059807424,119.54077557873543,108.22386916945858,12.077163114001783,156.12947638092413,8.042332722679168,29.100321031435687,24.086416476966285,15.340096104898088,412.49664498136417,16.606613749924644,16.38169156696119,12.814989542996758
00032_8_10_M_DELAY_2__resized,130.16776354054898,145.37437221761007,,53.117437306245414,34.36083343014311,121.49046686640222,131.78160074417173,14.312976645696152,136.01404339207141,9.258284063531038,29.07568668078078,25.384825266839943,17.042028276294033,349.02890884231897,16.865821452544743,15.787105354587087,11.267301824362121
00033_7_10_M_DELAY_5__resized,42.579351194989904,28.79644877915125,24.02572143467901,45.93415941193465,64.94457028491705,37.29399553817676,101.11322806305593,13.263304984922346,82.91300032630774,8.244062623653859,45.12418652538083,29.947125466434304,14.717606221538452,67.03661046173734,21.640251884162023,19.39625517843712,19.78285528958848
00033_8_10_M_DELAY_2__resized,59.113980587758654,43.49341340844253,26.903397550543737,55.00857518418466,95.939986011643,58.857156463771354,110.64965938978057,13.829158613260818,121.66372948884498,10.969716633750695,63.984799553132724,28.577962338135286,16.588060119277813,78.20268286349668,21.928136229398607,19.98470283152169,20.056953652880637
00034_7_10Min_delay_NIH_UROGRAM__1__resized,64.46103292835046,20.376087763635407,,39.97488755679659,40.945235842900274,55.508369111535906,30.53428261924737,,21.467592163799853,8.167514654941293,14.901367692038194,8.742488425563177,12.891587894795427,108.36239029927573,14.322120314460664,22.19302240197404,18.17135766318018
00035_7_10_M_DELAY_5__resized,82.65169126669167,80.70158023972421,,27.81844300006325,195.08925929453295,210.1781264359702,53.994012555115155,,,5.480796696591851,8.685324700876032,5.52044024998773,9.18802475099262,30.598028737806928,8.032664521809888,14.47046065466622,10.341597377410439
00036_8_10M_DELAY_5__resized,107.0975731592507,84.06850951862603,,30.48454459362952,287.4750445540681,292.15711627834764,97.26560021786128,11.732482207034533,76.90639579810114,10.467671548265908,27.746404725337587,25.087730213098727,14.701035534869892,71.22728275274558,21.076126570539966,19.481988205860834,21.694974660938307
00038_10_20_Min_delay_NIH_CHEST__1__resized,20.17810458354605,25.0172850009931,,34.148245038117096,13.672228371191702,20.281469588618634,63.97960407408776,9.252465585449354,22.751034250291053,4.557564378360101,14.533526883962672,9.934403183794647,14.277562275988695,67.73585851957688,20.258742441397963,21.825904678994352,16.95944467892512
00039_9_10_Min_delay_NIH_UROGRAM__1__resized,33.56889602737564,27.233823569097925,,29.75747548673818,29.58845129680474,28.29745732375975,76.97676635752057,9.314728387177952,106.92520289457522,10.236513141232527,18.95707221028551,20.276771382491592,15.606100419265236,118.58282522984663,18.199208634737833,22.442813030055344,18.981119872458443
00040_7_10_Min_delay_NIH_UROGRAM__1__resized,57.94791376563655,53.99580158184869,,36.91723325710394,49.47326830646451,55.75814525916981,87.81938770733066,12.304917165746756,49.07542353345325,8.854570174851917,22.93971627926031,26.127209806528274,16.035850355707314,147.4104064387873,22.954306247782256,26.23330142497014,27.857658321543333
00042_7_15_M_DELAY_5__resized,26.625086287033223,22.000901734736306,21.141990430132658,35.66925022363049,54.132823498153265,237.7796132322267,58.15121145880248,10.800818922535045,40.35420111257847,7.208657745840196,25.694544315200083,12.351743100307262,11.29801377406364,202.47585087816114,17.627795084068563,22.62236559394484,21.68573322440771
00042_8_15_M_DELAY_2__resized,32.4267466460852,22.269255371576662,22.506684722716106,35.22156959265377,64.0328230511257,294.90843609832467,58.03394238403422,10.348258252406291,37.49319263916145,8.42264355150203,24.243829288202917,14.827246002508613,12.404500181376642,510.3620391378524,18.77403272705268,22.96822485721194,25.46962209406584
00044_7_15_MIN_DELAY_5__resized,31.395068029967273,10.700593233134288,,15.513641043740591,18.503873369396977,63.02509030138336,,,,,,7.618476176353432,10.668735313729407,123.44655940738406,9.05086060582156,13.562989287112966,11.705137253411774
00044_8_15_MIN_DELAY_2__resized,34.83855017742679,11.272130453690256,,14.838274474247578,22.469001392320067,74.75529690479812,,,,,,10.473622333956612,12.167999337361199,145.33248977509302,10.00382361825313,14.290537068856404,12.619705872412583
00045_7_15_Min_delay_NIH_UROGRAM__1__resized,112.27457375646063,19.46607705895877,,36.67764553615439,28.913746629428243,38.23770858146338,47.81062405133981,15.1059910188894,82.68185320073617,5.168324424039236,20.689153064447137,19.84942990972828,14.019401413205907,331.4813526954218,20.387808956456663,21.56374079596878,19.835027355903375
00047_7_20_M_DELAY_5__resized,26.07059321693554,24.568260752675574,14.73250038832096,23.000722839865123,50.85191423295624,30.491826711499854,66.82066009602485,6.874311241020507,48.1363203998189,10.415340411562795,76.84807633141901,24.19246550793712,14.553477681124889,273.9977151573462,17.47366745621066,19.2244598189754,15.052532455121368
00047_8_20_M_DELAY_2__resized,37.436821266620626,34.56137527539034,19.87288318588102,26.180303705587093,58.6084572756659,39.28146408142354,61.48116698367023,8.900374699414158,61.639521455153485,14.828894837798321,159.37593435161563,24.94920249374517,16.949176507164914,152.1338593984248,19.78485222285491,18.504997883376852,16.872615919046254
00048_7_20_M_DELAY_5__resized,27.83848554066552,18.736642511306595,22.596252676296324,32.19454330019739,29.31079583585452,44.537338850119426,93.5845310152905,9.608402121391755,28.957612358552424,5.409349065729403,23.17770213721377,22.39790130792768,15.762774664680883,505.26955524364257,15.498335807948635,23.315115747417487,20.183256326120812
00049_8_20_M_DELAY_5__resized,40.75432955532905,99.14215944242972,19.392576762409345,40.472158376969865,34.36190647337322,51.276470994433254,32.977289824848654,6.9846465619351,11.632491014349714,6.352143681269563,18.17833679928206,20.336641459957985,14.607026720273003,320.66762360752807,16.04668605538065,25.13904657769971,25.170246015474184
00049_9_20_M_DELAY_2__resized,54.18849954046395,131.4817506886965,24.107120296271177,50.12451375817109,34.84474031621347,41.65977472336568,30.17623881892705,8.383512454788043,14.364131150128886,9.527403559747494,20.681466049496965,20.272695405629086,15.740451270934187,345.68762177034137,17.545182241679427,26.91797271330677,25.35655258343418
00050_7_20_M_DELAY_5__resized,30.126302019476928,20.783681174020227,,21.894897786039873,29.859842713772778,24.875546476757172,109.10106904692346,9.68497401330397,75.60054715853188,6.581756411176658,22.169483650255735,21.309808199471192,14.398788471603138,245.50260028535993,15.550979038385693,17.540772719916916,15.026220188815111
00050_8_20_M_DELAY_2__resized,51.13513979149565,19.607746054358813,,25.588654691490614,33.10021406647068,26.672256318813208,130.6054795791828,12.185135246215063,63.80411185182108,9.648834670925188,23.727653367982885,21.63396441815101,16.506015327090953,250.91711481900774,16.672378588911346,17.68195650359321,16.103840962630105
00053_8_20_M_DELAY_2__resized,106.05460782489858,75.61270246737872,,20.19415123305837,276.28761295899886,332.1831956722828,,,,,,16.482542707284225,15.561692418406656,188.11620069071301,15.580906222680248,21.23755406690737,18.81367661417748
00054_7_15_M_DELAY_5__resized,42.262432689030504,44.952024543710095,,49.544826014260536,22.16529048377509,24.289837972651146,,,,,,32.403049426540676,18.727643465285976,259.5137460150199,18.75180661963397,21.09520810827178,23.491321952058136
00054_8_15_M_DELAY_2__resized,66.59786135844332,60.27748110552439,38.00073734739947,63.536226016785825,23.709607744899557,28.65683987176903,34.46647896785144,18.44156355127953,90.22353545267222,7.0023980146535845,37.579222287929674,34.008818644371345,19.435138709675936,276.82781882709554,21.202530545740437,22.322116286245752,23.135410874705386
00055_7_15_M_DELAY_5__resized,423.2137178253701,266.7132490055822,31.778069442237275,23.810808609902544,76.56773912645008,241.06421442838698,,,,,,16.49061666321081,14.708618857686986,327.65336344165945,12.673484918143071,27.784005351396004,19.23229945088929
00056_8_20_M_DELAY_2__resized,17.299831015558464,236.25267538536988,25.308697199248666,45.163501508882504,9.376931520680493,289.3096829040854,100.97337313260152,7.279992830897847,12.92327257637592,7.090448094374976,13.914281373016326,12.525624284439195,13.199634908611808,28.851326171402295,23.891126812954393,17.13290815673007,13.336207707181709
00057_8_FL_20min_Delay_SOFT_2__resized,24.554384320262738,24.57562978549263,,40.351587434129875,25.67418588979715,31.892215737744493,48.4428851638386,14.831383028040662,37.675734880898034,7.539646056594531,29.94127442647512,28.66385670687416,18.00762077024011,173.61438255271392,18.51105883207043,24.456250941639087,23.688024101088057
00058_7_20M_DELAY_SOFT_5__resized,21.718446064529104,75.70614373793599,,41.081948773712526,90.32362568166118,95.77140583477221,156.9424484703226,8.99878312318031,71.3723750117024,8.445566431712596,14.804518344314756,13.136295877731687,13.276034547708536,606.1552180318856,26.163105789145636,21.028926045481764,19.63290364643029
00058_8_20M_DELAY_SOFT_2__resized,22.102921676793745,93.27566155404666,,41.69911764654058,113.6737191599195,119.46807014932575,153.82586128102386,10.013600804618436,39.753467296290225,9.121351435599667,16.85452295038122,17.70988922096693,15.771395814376492,671.0263930527249,25.0764618183019,19.936058760647917,19.828610705652604
00062_7_15_M_DELAY_5__resized,18.255679135545773,41.6174336433771,,17.12014401539783,151.6627274024082,123.41597731026086,,,,,7.292975909761829,16.871791846542333,12.692307369881663,122.07325501631377,10.738671944146477,18.45394579124415,17.141505863935492
00062_8_15_M_DELAY_2__resized,17.403778969937182,48.392582596872224,,19.450420832269643,126.32029011752861,144.42395218737576,17.554861279424312,,,6.938720571472442,13.377753527566492,16.662137309904768,13.314110184117542,138.1493785608734,12.649876037368822,19.203710619960393,17.669161486238878
00063_5_15min_delay_2__resized,,,,61.30587502229649,30.46247842736741,158.00929245664915,,,,,,9.653086347414266,11.3833626738031,,11.012647939916196,,
00063_7_15_MIN_ABDPELVIS_UROGRAM_NIH__1__resized,613.8938005321655,747.7105330937268,,27.889577369878733,251.5632681978114,255.25277027382106,,,,,,5.23943815354729,9.953377054643854,685.3702515238642,8.434376042742175,17.571562065813904,16.59262230659928
00063_8_15_MIN_SOFT_UROGRAM_NIH__1__resized,770.4115686420267,857.5925109226977,,31.465008112518767,229.38302431685892,289.0847870390589,,,,,,6.7395616718498585,11.412498629717415,802.2510079094808,10.848799698585418,18.509012414869698,15.69767986123993
00065_7_20_M_DELAY_5__resized,40.593996138570716,33.623588868255986,,33.55069368990695,46.29799790159276,65.35822129356548,50.885479335007524,5.26496983362163,65.67847416865649,7.122392034725137,13.552738197426722,7.01444254851847,12.521893918082597,129.51657124863206,17.915573158867492,19.43493700306162,16.42506940224364
00065_9_20_M_DELAY_2__resized,51.74751240201987,43.36911293277393,,31.8087659231012,59.168269459940184,76.55873620543842,57.43732759449438,6.471256365214495,34.13685050180598,9.30383131910871,14.895375995135387,9.811541252524512,14.0938540227817,155.30579217635102,18.492806208533853,19.484265531255385,16.72444400911141
00066_10_15_M_DELAY_2__resized,103.04679651491722,35.31539344609217,,22.340217221555527,13.052145547459704,71.99756297107571,,,,,,19.935396056054035,13.373657008594638,45.41400253241702,14.060523000635019,15.923119917865566,13.135668402284745
00066_8_15_M_DELAY_5__resized,65.09256251877532,22.929388875119724,,19.907244976383883,,83.35479986559824,7.479065473060161,,,,,15.948827107613578,11.911810033550069,50.48457983963213,12.71767144322691,15.282814138178743,11.357421565421058
00066_9_15_M_DELAY_2__resized,101.09129761977788,32.25008123841636,,21.195912165965904,11.821374547876378,77.01284228297654,,,,,,19.142326503097475,13.084979123724384,43.31678786610773,13.676354815377021,15.46535785274654,12.656819211566473
00067_7_15_M_DELAY_5__resized,30.97311593258158,84.61442988584471,,99.4762519833591,71.03214491193309,27.18447073376715,,,,,,20.98293189784503,13.135194962866107,181.24042580540447,15.774573722512494,22.91668396234777,21.545835123894875
00067_8_15_M_DELAY_2__resized,39.59317647094374,121.10640693613612,,133.649066625586,86.36417467763935,30.895110270994362,3.4981279367576463,,,,,19.720501662562253,14.38003062566587,207.75227144869572,15.981749219956976,21.91716773297168,21.251954591628706
00010_10_2_MIN_DELAY_SOFT_UROGRAPHY_Abdomen__1__resized,19.04246606376377,20.78272981849724,,20.62021004737887,26.903866595936982,31.30679088301824,26.88385073037991,10.586678527298536,132.04818353246105,12.861196158834614,127.38440502480032,15.76619812616657,13.20610368445347,24.638962581165597,13.524794411802787,15.433712431974019,13.6062379130548
00010_9_2_MIN_DELAY_UROGRAPHY_Abdomen__1__resized,16.086074025295403,14.944784320733778,,19.917335377253018,21.644321072631545,25.416974008289227,24.348240540019212,8.458825615362258,119.99754201904699,9.97568599026787,64.65888195726735,11.252879783039681,11.041347583618691,24.21208636831082,12.811243571601919,14.06122925077648,11.252323090941507
00011_7_Recon_3__ABD_DELAY_2_min_Recon_3__ABD_DELAY_2_min__1__resized,31.696398682896362,27.400819623835524,,30.684762851480354,37.03455239991018,33.87788110305723,,,,,,24.275567449019352,20.240326942234876,29.001297835599107,20.799978448399752,27.767407145525702,24.78968255389105
00012_10_2_MIN_DELAY_SOFT_UROGRAPHY_Abdomen__1__resized,26.954563117172864,25.33737271161545,,40.95515449229519,106.74514880687808,87.45802148324984,108.11646173588178,12.65867191418706,67.22541095422173,19.734101608716873,21.454498333718863,17.365334885334512,13.373964098812309,28.074726534962693,16.17696466301714,19.889345282138116,19.066711747279754
00012_9_2_MIN_DELAY_UROGRAPHY_Abdomen__1__resized,25.00300358340421,20.174933342760976,,42.28056421387801,93.70190117344148,85.12523194262192,108.64451776947666,12.975545830414795,119.146453726094,16.5428066197299,20.147545289835673,14.453540501812759,11.844581083924584,26.030592338345176,16.485024133169706,19.30437625039541,16.65215382307562
00014_9_2_MIN_DELAY_UROGRAPHY_Abdomen__1__resized,19.411585237265705,19.2510142186223,,40.151244820175215,26.27556675174941,28.653379349015964,82.21314074112507,16.18400888670671,105.14203922919735,20.284101251035455,28.37174789281228,13.959007001540922,13.84678327718192,23.0417563575142,15.706633727563704,17.139850504039646,13.509134859297541
00015_11_2_MIN_DELAY_UROGRAPHY_Abdomen__1__resized,29.78714150268521,25.315788738476137,,29.072714739711085,33.25639802402927,34.803486873900376,44.6762629713516,28.708516495503368,100.48935082911704,10.174472414697886,34.54509401566319,19.726419625933026,16.590704609516283,23.563902503917337,17.124687124548924,24.806068307002505,24.906519468188613
00015_12_2_MIN_DELAY_SOFT_UROGRAPHY_Abdomen__1__resized,30.384179405523668,26.03172950921794,,29.350044787899567,35.02889437216455,35.250626371328835,40.29069751489287,31.877793357369303,86.0056735851453,12.735786116867041,38.8834252185412,21.288036155946514,18.538921029837773,29.66345922825596,19.402225660186236,24.665397071260433,25.334651936772538
00029_5_Post_AP_2_Min_5__resized,26.669578884610896,29.42185533696902,,34.627963284911196,46.897050674075174,41.60025207102094,,,10.700705787902525,,,23.13195191228056,20.690120238628275,16.66192128776624,19.176766280569918,19.573177477190768,20.658322865296014
00029_6_Post_AP_2_Min_2__resized,27.88585743445726,31.80879290012057,,40.06516439565915,48.13146344422707,42.91719687784324,,,,,,24.421548346584984,21.96377667612871,18.420029445623786,19.539169692469805,17.70155731363467,19.6799817576246
00033_5_Post_CAP_2_Min_5__resized,42.68742487417202,31.657797966078075,33.04167917021,42.47577561533421,29.6335587904825,34.28739706025939,93.87086705854534,17.879575403209458,76.2044216547488,12.532900414376575,59.13234628667547,35.26409233640364,16.45599468372711,19.453809669990374,22.87415014576586,21.921113394611687,21.997030008468887
00033_6_Post_CAP_2_Min_2__resized,58.48098434216563,44.03964811642621,34.03183406549959,48.775453279945914,32.91317188602848,36.65666795621885,121.13558984235488,17.897523892476695,107.34612513887726,15.059582934874253,81.90236516148092,33.9240363006103,18.693954387514275,20.678448077634393,23.77357639386651,22.259196535358264,22.001011514328287
00035_5_Post_AP_2_Min_5__resized,20.530087159868714,20.58560463954341,,24.31276743158753,26.576429540922085,25.202092401044645,37.40647409797338,,,9.005123451399427,13.718413979026876,11.903189112030917,11.496352862852415,17.42167104294933,14.040053846115661,19.952612985270363,20.860568835410998
00035_6_Post_AP_2_Min_2__resized,23.945209266283815,32.115018684048465,,26.03026247112872,27.748064574964214,27.33155700105613,45.69229522423077,,,11.022980805504728,20.097043602980232,16.06492641454784,13.482556731369364,28.43162939199152,15.032812066456524,20.486692353608472,21.5420793259477
00042_5_Post_AP_2_Min_5__resized,27.91780076655637,25.176420105378163,,38.101772466650914,38.67560842905728,39.73554078638983,50.657791631405395,14.923309248972954,37.019736450533536,11.220627162090997,30.074413081877346,17.471797599766038,13.519840525133363,99.84306181259615,18.72047479348286,25.606146536212,26.54299832594105
00042_6_Post_AP_2_Min_2__resized,32.78121693593839,26.813283105739632,,39.72189460078704,42.896085612267704,38.60984920070704,57.76461702578978,16.296304326621097,41.961999568343934,12.996601945730422,33.49148317629574,23.611594643036373,15.699678293409871,137.5745541073073,20.70552430263423,27.541890972100397,30.218749715182128
00044_5_Post_AP_2_Min_5__resized,21.57492033902376,17.833450232271204,,39.239049624010775,21.72342569079436,21.923095477381395,97.42967720314242,12.638457183479762,77.41676542725735,10.266912681719809,21.99964878562825,13.581727642199018,11.737387014848329,17.266915664885655,19.85870902206823,17.980210816367943,17.230802662785294
00044_6_Post_AP_2_Min_2__resized,22.58124803947119,18.997670552555437,,38.618136939088366,23.59213473354576,23.584974292537137,113.84991534853647,11.893888108922008,66.55388413062805,12.258247309099477,24.07030077826088,16.458815739070992,13.103131593347895,21.37825192009832,19.97670363277273,19.442589625159375,18.660770716687153
00047_5_Post_AP_2_Min_5__resized,27.328019756766935,22.91579736250145,18.613385639591563,25.693366226308765,27.89435592389383,26.13033360710817,63.92426201125878,7.790520422388938,38.02731718995373,15.034528420226511,78.10778992688101,28.06866593169719,16.420586521669158,25.5854715036764,20.719766134566864,21.70260042966916,17.184193824279983
00047_6_Post_AP_2_Min_2__resized,34.84355441436744,30.126320437479258,17.560997110494707,27.22763236473991,28.91027444075513,28.041328125968274,62.69574426084869,8.343449073202665,46.952200876459884,21.053467093342217,119.23492290903461,28.13305002967008,17.780701882957313,24.20399572271979,22.75120830784511,21.02896788437238,17.122481450450177
00048_5_Post_AP_2_Min_5__resized,27.139090361963827,21.993069846830696,21.333303805227963,36.807568201350485,33.39955004730182,34.265224008581384,120.37432016245637,14.24326307277495,50.12120334430454,7.48113182513337,34.173242301517554,26.77215662603875,18.060219370483118,23.793200807638645,18.17744365861629,16.853998513687248,17.620043315568235
00049_6_Post_AP_2_Min_2__resized,51.004029506230715,63.499583525851776,18.036786598175485,46.051350355241304,35.63287697702695,33.935974340420145,37.14627319126597,10.629365502426626,25.46441827076706,11.486488942239351,31.795682386626527,26.697780145097802,17.753818269858535,38.81698697054612,20.18467610885602,29.13791177005252,25.7574386556833
00052_6_Post_AP_2_Min_2__resized,40.014970373553716,30.555619045899665,,35.62464263789629,37.26337125913234,39.81504144698224,120.64568214076142,16.776755622367514,78.75350861373977,15.180101724888402,28.294567304733,24.501055340515,16.658631701053856,22.03183663519107,19.048003020671388,24.23053230563756,23.5705503934059
00053_6_Post_AP_2_Min_2__resized,26.649011723025797,26.46390604170789,35.45778318200803,36.71752415517885,31.209551698362954,32.10504511157823,32.1150073003608,17.403697306799387,29.763753691653598,12.05793598508046,33.98596581853951,23.67444845395255,16.84416556683386,30.217505754441145,17.880546261918106,24.25930677960235,22.842684128918666
00054_6_Post_AP_2_Min_2__resized,64.19652301446499,59.994592566501474,6.7488005754045925,68.97492335930896,30.20336850402569,41.20800432161926,40.2626231308522,17.64346247646113,107.13526628977004,10.709110998322533,43.77538535479501,38.9186634897433,21.970764425464637,32.83187558008468,24.771434811996876,23.622599359618384,25.358900520847623
00056_5_Post_AP_2_Min_5__resized,25.828528722196264,23.997515098352753,23.110117197565167,44.1291557870272,8.908461939053788,28.84962097570787,97.13468795230555,9.777631434661979,22.65964176735545,10.61278076971761,24.29865242682562,18.788733963589937,15.949097778625946,24.74645014945966,22.222308801794558,20.13889542067174,14.595183918627015
00057_6_FL_2_Min_Delay_SOFT_2__resized,33.84972005257442,33.485100262465494,,45.343832983297595,43.20712670925578,52.928559274249956,53.90046271552066,23.391787331377298,34.334108085492375,12.446353349504081,38.45420810301432,39.898482688057385,22.14771772502367,16.566977626228223,24.200523036565244,28.325982155448937,28.105281005023652
00058_5_POST_AP_2_MIN_SOFT_5__resized,31.74602046830061,27.013646350102242,,48.27650018816987,39.51615862218954,37.506855133433554,127.54079900993628,13.357006760107922,73.14993398889196,15.102271356798676,28.54154313457821,21.116916288138032,17.15241575330288,22.3712311394148,32.76904253410592,25.458310879480855,28.09263975242382
00060_9_DE_AB_PEL_5__resized,28.474178977484936,78.1521407851415,,29.04242049395552,45.60206291839736,74.42534530374444,35.4279363592164,8.587945982218518,85.5637156016256,8.075250789062922,29.211141561356207,15.138391933282955,10.80390025547714,30.39984583792239,15.141422029990471,25.681546804829644,24.86627018751291
00062_5_Post_AP_2_Min_5__resized,27.15662414872181,25.128313329076665,,23.28994895315569,34.93371693955178,35.93305871045622,,,,,,22.694963083478903,15.18636600852398,22.137122481582903,16.31116104238147,22.261523550290043,23.75720142665132
00065_5_Post_AP_2_Min_5__resized,27.004945728062456,28.80324074910199,,33.51327169133989,30.344178882132223,27.148937269170194,53.174232830171064,11.466503265520986,80.9360715922204,11.427714604156424,23.645578415167016,13.995048880372412,15.49840555458562,24.656912279500098,19.344661757502884,22.83214869944236,22.04493041310812
00066_6_Post_AP_2_Min_2__resized,88.31505640456301,34.07808472334571,,26.894713831138358,,23.25465614110323,13.571050028250095,,,,11.160240925013674,24.16417976683108,15.669474358637734,76.46294602078574,16.269049296106594,16.91641307342103,15.409869272600096
00067_6_Post_AP_2_Min_2__resized,42.42699431013057,108.83760288611438,,120.15442980851884,52.74002426899924,33.644545484904675,54.71808155317829,15.11572412442602,40.48379060622584,14.68981840732205,39.83883618290124,25.20566903726491,18.11168881754158,87.07638274441399,28.46404060362728,26.756041585532177,27.06412821659622
00072_5_Post_AP_2_Min_5__resized,29.69259757378102,26.53958370535165,42.53792047337439,45.913757426488594,37.702878708062926,36.439241093792084,127.03251303989778,17.823946382644483,155.1712945858945,15.852944703082802,37.47081864549444,27.50965821955902,19.394066080474243,26.743597276580093,29.23760915002425,20.735375253277798,21.94432445165125
00072_6_Post_AP_2_Min_2__resized,30.64452416475577,30.022730320856862,56.38317400809714,45.502181561089664,39.097790445991336,38.21308887233895,131.59384429733302,18.36705965655386,148.61286647051193,16.75051693306741,39.30390293857414,32.5499796049657,21.851418453076395,30.53356046479986,28.42801771670606,19.773385798211557,21.19976040742456
00073_10_120_sec_dly_abd_pel_Body_2__resized,25.41086018051476,22.71247092302493,,30.096586083119146,30.63461123708905,32.704833108083314,26.695694517579426,11.777460103663252,63.01494868100008,11.825272863615519,25.40861645739269,23.568817027312562,16.378603376474192,24.01437524716116,22.216906888621065,23.94302958418618,20.086657493998736
00073_7_120_sec_dly_abd_pel_Body_5__resized,23.380388472536218,20.9531666275202,,30.65065718881988,29.831858679972953,30.65825159061186,34.98694021815396,10.186676477145928,72.39789641065553,9.20988400086162,22.555248137344638,20.22571513840706,14.122401165044497,22.507034661831657,20.47129583200171,21.986730483591245,18.344367952150552
00088_5_Post_AP_2_Min_5__resized,103.32370847617881,32.63620273997858,,41.16237299620357,44.88584914293038,35.79969457336853,89.71637933045385,15.681595959978338,101.61843456983974,12.195535398494398,32.17709674288407,25.33381128084485,16.261256817378428,28.60527523604942,24.05167876270081,54.69805539804334,21.82673386401457
00097_5_Post_AP_2_Min_5__resized,27.141542488473412,19.54577598136852,24.844796400327095,30.711205499176515,20.778162631675254,27.09045022250982,21.13825674585142,9.92329978859845,82.9090089821102,6.999908007480243,22.607578182443866,24.335942865037843,15.301213701395362,26.751819201419426,15.029885547641491,23.09101530456903,18.983197592307356
00098_5_Post_AP_2_Min_5__resized,82.46464940374742,61.06865499638592,,38.28836829964866,32.9705515274142,26.620803877185452,69.84165996319301,12.443586996129861,69.4157694329068,13.354131249317092,29.220107846193304,18.90434476446894,15.571253837291799,17.830346313842025,18.63269620167989,15.975171907795772,19.92550407372458
00098_6_Post_AP_2_Min_2__resized,120.61423476838846,103.31923307064753,,40.60028494582831,35.69669152728547,29.44245884088697,79.2366095724204,13.472106248658683,56.767844744532994,15.505423921137291,32.76546957363304,22.915051012257436,17.111518511891376,18.626621623071404,19.968424005803445,16.438087965344984,19.053079356914548
00101_6_Post_AP_2_Min_2__resized,37.207580150184,54.03260191056045,,61.292458841303095,38.83499049892019,34.49606668879442,39.34240993215563,40.19196659361189,28.028918676896247,39.376876017002786,31.300945291052376,23.413144339523694,22.096089716406038,21.207098896359216,18.97040651337298,21.049700195592916,21.92643292214912
00102_5_Post_AP_2_Min_5__resized,30.2160971204645,26.00080612401403,44.182328546463324,48.858905099935996,34.232588599410484,41.07166107094494,102.85517140170259,13.917396096972206,103.65830183922019,11.86037835735071,31.14084291724879,22.658086412391384,16.61702744649519,16.784306087966215,29.41022057753146,27.653266313939387,28.638381813058892
00001_2_NON_CON_ABD_IF_NEEDED_NON_CON_ABD_IF_NEEDED__1__resized,125.11864658266462,93.40345164374533,,89.39505832692215,18.951639586929332,18.693165952368307,,,,,11.616710606299666,13.105768759127022,16.20268049297877,,15.479429515632171,23.92679803749152,32.386834429164914
00001_3_2__resized,20.838038205265004,23.413195363346915,,21.759868169158803,17.8078006391775,17.662517645713354,22.125501227991798,7.097688716639969,16.048777973551577,9.904589731683382,19.023255555006006,20.255235459355468,13.720688217940124,,15.436194211965594,24.682653920588802,14.04280413724789
00008_4_SOFT_WO_DE_AA__1__resized,17.73622979158696,20.420239667544283,,35.85112651346691,12.069541281386051,12.507207908593513,115.64455398169038,12.223429857660333,49.754507367833696,4.31754481661319,15.010639799113827,7.5524283810441615,13.287590978578828,,16.64473177709604,17.903986153624878,8.380529709650876
00009_4_SOFT_WO_DE_AA__1__resized,19.36007762903451,17.05110623671462,,21.73981209924579,15.291273487955094,14.65685029438549,28.233080253922786,6.368727433790512,12.890904474169806,5.82047475520406,7.151428709003252,14.854925502186259,15.658949675526854,,11.141627452359627,12.978803893187212,9.05597513228138
00012_4_ADRENAL_PRE_2x1_ADRENAL_WASHOUT_NIH__1__resized,,,,27.67837213893884,18.355058034231746,18.59200659633298,14.877767185820593,,,,25.178658444596483,23.979455596910487,18.915419779543488,,18.02169871648972,,
00016_2_ADRENAL_PRE_2x1_ADRENAL_WASHOUT_NIH__1__resized,12.750359436588909,17.33641989151854,16.510573796005875,36.3975910961061,15.936978925154593,16.294714451246477,103.05946389109114,9.12116345486652,35.79518146973,8.60243864116717,15.006895038067892,13.416888235543862,12.453906033017219,,13.610400543844824,8.263887758862516,10.934470842108148
00016_3_PRE_AX_SOFT_2x1_ADRENAL_WASHOUT_NIH__1__resized,12.750359436588909,17.33641989151854,16.510165034877033,36.397269633237116,15.934774830746164,16.297873390259404,103.06100302934179,9.12116345486652,35.79518146973,8.60243864116717,15.006873521805234,13.426638226478891,12.452434921184262,,13.610400543844824,8.261705377551378,10.934470842108148
00017_2_PRE_AX_SOFT_2x1_ADRENAL_WASHOUT_NIH__1__resized,24.211077399910213,25.537743352499803,,36.85686930323566,16.538761706150563,15.273681516021897,136.09508847988232,14.358626443699018,137.86458266370877,6.715271308220335,21.226554104310857,18.921628204981797,16.334059658512768,,16.28807231727694,15.452440106859278,20.03933641791947
00017_4_ABD-PRE_SURGERY_BRANCH__1__resized,11.504193154860605,13.420471753458962,,31.471937301734435,12.377474110215873,12.767921606202389,135.23179819300938,3.174406194501765,110.93657736196106,3.6060142865282683,12.46298714644291,7.470487539294876,10.511855637370267,,15.071384794268843,3.890049095909974,3.789634274793943
00030_3_Non_Contrast_NIH_UROGRAM__1__resized,38.4928246860329,73.59206866134396,,70.11361294274533,19.12595913932333,17.169452857045982,42.018774853336616,23.576473625843008,87.87495449145649,54.40039007184986,18.186470774993285,12.253575992422434,18.03199737844594,24.29503728752096,18.74206096916426,17.79677518903715,16.37165762934387
00030_4_Non_Contrast_NIH_UROGRAM__1__resized,44.51670611825407,80.03411163126681,,81.63788280199161,22.745527594636506,20.85942363107675,41.84342509333721,25.600735260276142,87.67672331987251,56.55939514827813,20.485422621021208,17.89673418437458,21.46609929063854,27.464375762176953,21.270761550561534,21.33502882662758,20.20233023264556
00031_6_PRE_AP_5__resized,13.39958650070442,17.749307681293995,14.881213164607706,30.666591210734445,10.218664429151161,7.3456835204305815,41.66464639333894,7.4918367677692155,16.55098587780705,4.670162340763207,11.752302658678763,3.2496364384603775,10.874529699087269,,7.111561954553293,18.227962076703875,12.027971337236746
00031_9_Pre_Liver_2__resized,,,,40.334956203500774,13.834867112376573,13.306826245433053,31.95479012744784,8.031266530463222,24.487466387571388,7.3524417390176025,15.956288073659978,14.247025460613987,12.625851323034619,,18.639538013890267,,
00034_2_Non_Contrast_NIH_UROGRAM__1__resized,16.905629686810098,17.905176907192725,,41.97611670122949,14.200770039255545,14.245325749723616,38.288285190660396,,26.22037724847403,4.206261155094925,9.454161077371058,5.167299470205397,13.076620597039632,18.981828793628935,16.090613767074395,18.878176614379075,16.31735303522568
00034_3_Non_Contrast_NIH_UROGRAM__1__resized,18.778110731525828,19.7199659547897,,40.79979638721363,17.1584121581808,16.87048292004588,40.512212155069676,,20.22886475114682,6.772427287113092,12.310138527975358,8.898990427389307,14.877987492568796,23.198987233171472,17.747667449790075,20.51868086912611,20.057873402491012
00034_4_Non_Contrast_NIH_UROGRAM__1__resized,21.80728568301778,23.091050894666246,,40.49176200385619,20.729770522835597,20.61820508719066,41.49660179720119,,21.94874068503318,10.811381761436325,14.993662049193569,14.76875011872263,18.52280207825505,25.69174220923168,20.042611225426256,22.937686841285895,23.312952377155533
00037_3_Non_Contrast_NIH_UROGRAM__1__resized,33.23196538158608,83.80361850732515,,62.72332380854222,16.74346664014895,16.6839026908333,47.16398110532609,9.830504828827166,35.46274505059066,7.338145707782902,14.864476232879221,11.04708458303781,15.715716316936245,23.242183026693212,26.173830930848528,19.678931975613114,17.37301967177206
00037_4_Non_Contrast_NIH_UROGRAM__1__resized,36.349206563733716,93.86924585730264,,64.11400551149978,18.799487822703696,18.986249972450945,47.292071420571276,12.63163952687616,37.92070948294788,10.091496086596166,16.898798574178226,14.529860612369676,17.94784717182571,25.110375268142597,25.701405906457556,21.70692571986839,19.19273136429699
00038_2_Non_Contrast_NIH_CHEST__1__resized,20.474615745888073,36.51596667017986,,33.84123422902505,10.629050592665735,15.582449822394352,63.46129095912706,7.090140441746777,36.71854783532928,6.014815339837453,14.681262915845668,8.902491840276873,14.800130864245471,20.443548094670433,21.643468799435073,22.62656401815581,18.15642784708373
00038_4_Non_Contrast_NIH_CHEST__1__resized,21.723309166163165,42.42025466899611,,37.542176425508835,16.912196732795156,21.466181842120765,58.70635589972255,13.682956033040428,33.01021247387829,16.37823829577728,21.650624710597448,16.152980057867417,19.405196345781828,22.488336265690098,25.3987077444851,23.46775175856381,22.628699561494482
00039_2_Non_Contrast_NIH_UROGRAM__1__resized,26.32885003891045,21.8986896361624,42.82821318937354,33.06514032788304,14.5673474097803,15.33240472707899,62.010459080383015,8.953292720813817,82.46217466154951,6.23371162591677,11.985667689116438,21.694775930571673,16.11611701414504,29.955413460837903,20.31308897693804,22.03070177617667,19.15878746833955
00039_3_Recon_2__PRE_ADRENALS_Recon_2__PRE_ADRENALS__1__resized,,,,32.268364115695725,22.182686296456183,24.56885279551122,29.81425765951662,,,,,22.774234330261933,21.144886402717585,,24.564320555823834,,
00039_4_Non_Contrast_NIH_UROGRAM__1__resized,34.14711918536395,30.48713499076378,,46.42316907678163,21.995879004144104,24.251196948400622,75.16280601541399,18.023583119126307,64.41338369574953,14.122872016832911,18.059960432907886,26.28137887525637,23.75899464386093,32.90445764578303,27.277061515257518,25.693095216962032,30.10557017918751
00039_4_SOFT_WO_DE_AA__1__resized,24.673397361982513,24.363154416797475,,27.64209448981928,17.144678004437807,17.372620096107738,44.33576509732205,,28.22404259781577,5.330468603645943,16.724743200985642,14.013131411252036,14.431808413421464,,13.764309965814803,17.855968352191347,24.11110185847734
00040_2_Non_Contrast_NIH_UROGRAM__1__resized,23.088642724231608,22.228508540184656,,33.25416377915101,20.329432698825574,19.411001947628424,92.49492890078935,12.689000245086758,25.682158089844656,7.342100448109567,13.140044589707564,21.91263421935542,15.897401062217517,16.877824515428696,20.74293665330765,25.199121231441826,24.08730441615433
00041_2_Non_Contrast_NIH_UROGRAM__1__resized,49.33340357945249,31.16802174606705,,41.67777567798814,19.286342361126533,17.735293821414714,98.17156798439395,16.0186854179426,123.71512402727414,5.496439789184726,24.94898854628372,19.420196186296558,15.738654314243707,30.985220969889138,24.310055382458575,22.316768761632446,18.733540473369324
00045_2_Non_Contrast_NIH_UROGRAM__1__resized,23.405338236955615,19.323495789124824,,32.31075140741119,17.34397861306573,16.55262594990864,41.64068073720499,11.763854011315892,79.26554306027056,6.56564444500406,18.302866256399955,17.32335441214016,14.087995652972712,19.33316685259422,17.341305942555255,19.78748588311597,17.232719129588553
00045_3_Non_Contrast_NIH_UROGRAM__1__resized,24.61088586059945,21.405748683543333,,31.989925451529253,19.492760102537403,19.345548467375963,43.512997476443914,12.652115881849308,61.74354284084836,9.540894364591157,21.647355594796213,22.69411875875091,17.252474525107385,24.107447375492228,20.389486058957093,21.423328697537997,20.45522010092744
00045_4_Non_Contrast_NIH_UROGRAM__1__resized,26.46881665877958,24.572291868531813,,33.85011392666694,23.60891751727348,23.828767086576637,43.6345137947911,15.975243837851703,64.01200282870525,13.449005232400745,24.399917159788373,27.159621968385355,22.8948517502362,27.186265786824546,24.793661938286114,24.67007692151731,24.03720329302035
00048_3_SOFT_WO_LIVER_TRIPLE_PHASE__1__resized,,,,76.57922291787617,64.19148456464681,15.384414393334378,109.32370140019565,11.799765228812333,38.37344086359275,5.133089917015814,13.916380277295499,9.499529900745102,14.905518924358732,,24.146061050683766,,
00053_4_PRE_AP_SOFT_2__resized,60.218202331734936,175.53847700756614,,66.56356405041788,13.486468873145542,16.382635258339405,86.55333250607049,7.980771733810857,44.99080509089069,5.554354073855217,11.903234432179636,9.974675223893666,13.312768318142284,,25.733014855212453,16.708108704168783,15.271649587123827
00053_5_PRE_AP_LUNG_2__resized,84.04843148053182,215.88486533368155,,80.5058669743326,18.92479586106814,21.37541501338461,87.01595674962051,12.509439224997957,43.02321419468087,10.76729135791736,15.494129834064864,17.685628542379753,19.132171848194346,,28.24370371151418,21.97318622740387,20.043265384038314
00057_2_FL_WIthout_SOFT_5__resized,21.975291758951947,23.244746376086173,,37.63130006815283,18.070964925658114,17.391182199503145,48.420216325772586,16.31306210211267,31.081514668539317,2.8841047479368864,19.207267111108976,25.732373677910978,16.069770314019173,14.252695669068002,16.389993821013558,22.960244746217782,21.554993958305012
00057_4_FL_WIthout_SOFT_2__resized,20.842842330979146,21.873305073152864,,35.79533107746942,18.19067700584221,18.00385351614615,54.26050684204171,16.800211184912513,26.767153049377878,4.289918475797014,22.638641249643143,25.053181585203433,17.530049672480743,16.997381845109206,17.042904775700123,21.25915963220916,20.181232123861204
00059_2_Non_Contrast_NIH_UROGRAM__1__resized,17.967818258943957,21.63691900064424,,40.36380435357013,16.855109386703862,16.350084487940236,132.83262109261034,9.738528110524161,84.11039161416025,4.312846856880595,13.486463654906546,9.991995924318653,16.597248060015236,14.393709932909804,21.98266942169341,18.98327587020226,17.039316538849977
00059_3_Non_Contrast_NIH_UROGRAM__1__resized,20.131362711010766,22.562485431019244,,41.24961579555324,20.097520714498394,19.929093971284516,150.36972177669102,11.755924065467795,59.07234794384287,8.8001389138043,18.21259911268009,13.807118311875447,20.019874361821717,18.890686021330655,27.388239579450428,20.10456445703843,19.249968135052093
00073_6_Non_Con_5x5_Body_5__resized,,,17.955654933032722,23.78359540177157,25.548367177677406,,58.50421014772529,10.647427402284238,128.00298883199454,9.252582561701086,19.38523112017362,19.719481114400125,17.510367806622902,,29.13240573764604,,
00075_4_Non_Con_5x5_Body_5__resized,98.56915167899912,117.80029905588512,,137.8525005584054,9.286128417474666,10.368773159888308,,,,,,6.336515040745209,9.903666235886948,35.68630998966868,8.983479063019706,15.31334741824209,11.237696166171308
00076_4_Non_Con_2X1MM_Body_2__resized,146.64223995526788,165.82465135516588,,184.9964050818096,24.07393723594945,23.849624320216485,82.4980572647124,12.728346242264816,28.910476723740434,12.152723101298559,15.43695810745719,17.46186054265366,20.450540695301545,59.02211102035856,24.435154743389003,31.593634499983544,26.23503512673467
00076_8_DE_#PP_DE_20_M_DEL_5__resized,16.563858307481727,15.926418333269346,,32.65610540537677,16.891726885826372,12.500787648349162,112.13182937678735,15.825087502001471,107.3269506393032,6.049650609648255,13.79481777902273,15.012581179466386,16.12820365835842,33.217305332644365,18.21669885581239,15.450885068579735,13.287568349320509
00080_3_SOFT_WO_DE_AA__1__resized,20.43936208051019,22.599532918749766,49.40773860223716,38.44516289390838,17.995088954469388,16.773404367609288,121.79546896173598,20.217656820419236,89.3120181911223,5.131771733736307,28.226012326758017,11.29154222114591,12.248698325133207,,15.579052121797103,23.22294483786778,13.417344573098678
00081_3_Non_Con_5X5MM_Body_5__resized,,,24.327501272801356,49.230818917799105,,,109.79421339296684,11.194736628845472,267.83601431299275,9.38366367047738,92.59511934098235,,14.750532971538613,,32.20541574567387,,
00083_3_Pre_Liver_5__resized,20.082859032623087,19.672709761496705,15.370844335005645,30.04728088901543,15.545312857029716,19.098832193565062,40.73939780158817,13.83794178881362,27.740259192646683,6.512338614291443,19.624761635752755,13.15178465357662,16.823684972091222,31.972955053178243,19.551581771901308,19.975250659319542,16.6029694742562
00085_4_PRE_LIVER_Body_5__resized,140.49346067019763,143.02155292485892,,81.95996503321005,16.125226240698744,15.526421577633448,61.88833025386865,14.430600929616247,144.39966946788954,5.719712142138666,17.824872121609992,11.181623827064653,14.5597759669127,20.704643333813372,26.61378993904308,23.44727442328218,20.910056502347445
00086_3_PRE_AP_2__resized,7.1648216981031805,11.973050059949658,,42.50947126438554,8.25186286334374,6.886337635338912,140.1230098433297,,3.4657599594198056,4.085506744227539,15.119593004899508,,14.545131841898677,,13.470310238688125,11.887358378489274,9.033950561089432
00091_8_#PP_DE_20_M_DEL_Liver_VNC_Noncontrast#0_#PP_DE_20_M_DEL_Liver_VNC_Noncontrast#0__1__resized,8.126769716089049,1.7798943615131415,,21.690833849176546,15.76357982607083,16.484371451407853,45.75859043790141,17.24723352734297,50.544349537557274,7.14274655824395,20.72488422653661,13.335509868633455,11.47189753989553,,13.60508181352284,,
00093_8_DE_#PP_DE_20_M_DEL_5__resized,20.762352337283534,25.73619777647153,,23.17187275876419,15.121852780744057,23.151524713667502,31.22425406142689,18.523784043940836,8.559436388666418,7.573420864785497,13.926856652659783,17.638501820871003,14.182581944073206,40.843628431490515,16.71369725225657,18.274017505340836,18.140835582243152
00095_8_#PP_DE_20_M_DEL_Liver_VNC_Noncontrast#0_#PP_DE_20_M_DEL_Liver_VNC_Noncontrast#0__1__resized,18.400263891999252,20.003869295178877,,30.90096571168972,14.431926771585847,14.13616174481576,60.39689257478489,11.141612001908474,100.11678658370167,5.605852836286665,20.617208519162116,18.736942358839606,19.93291269124621,25.11049924756503,16.82589557999954,17.143753455603854,18.914093585040824
00004_3_POST_ABD_90_SEC_DELAY_POST_ABD_90_SEC_DELAY__1__resized,37.21269071043503,39.946872523608896,,43.44756382751603,50.914321459912756,50.75101237335565,104.56362531415094,,20.404582805617107,19.082545447751375,43.19074369571816,27.71216110957793,19.881376151016568,,31.4038051505339,22.622902318569775,27.379090253399117
00004_4_Recon_2__POST_ABD_90_SEC_DELAY_Recon_2__POST_ABD_90_SEC_DELAY__1__resized,41.97924258184461,64.80857797278577,,46.43954062115473,53.69928405001076,53.87774365598008,128.16368591158934,,24.24548457056293,20.55386130364114,51.130405880835056,32.3589923083005,22.02312150062597,,33.125147909531144,23.527072134621182,28.041116324621616
00004_5_Recon_3__POST_ABD_90_SEC_DELAY_Recon_3__POST_ABD_90_SEC_DELAY__1__resized,47.4035828788329,84.86710423999608,,49.7910991286753,57.90481643553669,57.71557030911187,131.50826851965533,,25.739308801131852,21.99944668787054,53.31900367549543,37.09919207149618,24.10088081354598,,37.60748118693002,28.21647085479993,32.38746204754038
00005_6_90_MIN_DELAY_UROGRAPHY_Abdomen__1__resized,17.90143993976026,,,36.997009342647935,44.319314138951206,46.235066191199955,78.12648249214963,10.634519992110777,35.90113814437668,8.494037391376468,31.619307947141472,27.363025831279398,17.693049066166903,,21.922235421761354,,
00013_3_ADRENAL_70_SEC_1x0__resized,,,,45.70351159105927,44.52901205396936,47.83674322683857,15.208632032687596,,,,,44.74364235935244,19.938597392873387,,26.58079787155942,,
00015_3_ADRENAL_70_SEC_1x0__resized,59.06859452447985,54.33052809865258,53.14531794670275,63.586903842298305,50.45384416690197,49.54011659260972,104.1581809458884,55.74727347386061,134.73951039405964,57.24532070069061,91.30980356120882,54.0162408252347,23.63530222972362,,28.163027591533748,24.07611702766899,23.949199686141867
00016_4_70_sec_AX_SOFT_1x0__resized,32.52503518683461,34.30493123041766,,42.81382880616339,29.88909133789999,29.985648137655716,87.79618747633118,18.992021718173437,35.64786475869047,24.129539722353037,47.44096546772238,26.596945306318457,20.787239516580193,,23.21502593528293,16.322985369839945,18.474468485443712
00017_3_70_sec_AX_SOFT_1x0__resized,69.65579581035786,68.08517919292964,,54.74408307470112,49.345723339826876,47.311796553535494,66.76972357406711,,39.448470548527894,27.214630615640115,56.5328046005827,46.07760165825737,21.82560167241638,,32.6048148991344,18.892227779255606,25.1964885837028
00027_6_Post_AP_70SEC_2__resized,72.39138172119495,97.01090521204569,57.24989340163566,51.15273823581297,49.02399342494542,59.619168717558075,144.46473865154732,43.18320626684923,142.88545094833583,39.84930193634891,53.589161638495824,32.15571147012112,17.813761962899683,80.48658913877208,33.91202395232224,23.41077688125424,19.958547204568767
00028_5_70sec_NIH_UROGRAM__1__resized,99.17155161062165,78.25246063604935,,52.6090111031642,34.70202554972098,34.88847074149656,72.2785704651069,29.71864623672589,83.39530899914796,28.92575529329512,45.52603247461954,36.62256730607776,18.608425735099214,68.4102012886217,26.495915695612215,22.363612559082174,19.03435808448908
00030_5_70_SEC_DELA_NIH_UROGRAM__1__resized,41.650780707502705,49.174849853005895,,51.979314272144556,48.868812694966735,47.45584362004979,70.76765391069117,23.615908226417222,126.15272046202216,30.563204925176926,36.067316196381206,29.41616090155737,22.595916023526037,21.615171174686694,34.81930408410541,25.368526532821715,20.967428238520665
00036_6_Post_CAP_70_S_5__resized,88.59515918115738,57.7661908744849,56.32961415184719,52.27429299022432,40.85344028880572,36.21717185666674,152.98021858134427,44.15803987286862,176.02636738442686,34.881948361363044,55.25849159751034,33.582509000773406,18.698754736448127,33.86170949224737,38.92923606900049,25.437229987000677,24.482456412473862
00037_5_70_delay_NIH_UROGRAM__1__resized,40.948342335607435,57.77823725659235,,69.55759795065066,34.57684567937078,33.98997473006732,65.03747488801993,28.65978578364647,49.76537383174372,27.927710754206792,26.232527374311474,24.518443982510686,15.981855597512673,20.820835826355943,32.200173885339076,24.426734313001493,27.13082819430753
00086_10_stnd_70_sec_dly_abd_pel_Body_2__resized,49.504705772554324,51.63498404823654,,53.1072447852013,57.44341643598456,45.83163731886237,143.02457855025116,32.82317648241542,76.42190637148592,28.51388548897904,41.927762288031296,35.77945243551295,22.17268402393214,27.102576807044805,32.889492244021696,20.85277739824861,19.35016987745318
00086_11_stnd_70_sec_dly_abd_pel_Body_2__resized,177.91728054656772,28.94362205420402,,37.996314320189086,98.71526301076462,48.83140830659515,133.98195575988032,13.078116032642946,49.74376371865823,7.159769498189333,22.16509016866299,15.573297921806898,16.62078677130452,294.3007376290633,18.290490775875153,18.417690450388537,16.691310935298063
00086_7_70_sec_dly_abd_pel_Body_5__resized,43.798080518660015,44.55150733410979,,50.56829256828902,50.77696059845767,42.891969675658785,162.79829632435266,35.047555083277665,94.70677904616821,28.556156975862127,51.85413622491222,27.538152569434573,20.2828229987126,24.308517072491373,30.432233505300935,23.76660220243412,21.209529241762286
00126_7_70_SEC_DELAbd_Pel_Body_5__resized,57.88328179632857,46.229505135832795,27.837516930495074,45.227749631829255,44.73630410520468,45.12836746958897,43.65994408925726,29.620676814371418,59.732490094810345,26.404393866567354,50.26289512456557,27.988837421159456,20.621902117065282,20.207939325339797,23.12736438396922,33.42891627631152,27.991851741677344
00126_8_70_SEC_DELAY_Body_2__resized,54.71170625256951,50.24925333176886,26.806754114440796,46.82685071250242,49.436337802491344,49.64553004964968,47.95596736190969,25.207392327628245,58.03331586768078,28.770543688678703,58.46102044271836,41.16059865773775,22.960424922015264,22.948533764015984,24.922799210077716,33.4498600043268,29.734000815360943
00135_10_stnd_70_sec_dly_abd_pel_Body_0__resized,134.70459690834056,140.8852695047111,,97.82499105365778,55.97142401926943,57.41879006753999,49.946639276547295,20.439259966388605,427.8875720625925,35.62267528821073,340.91200725385795,44.919825151173185,19.500718769415197,22.36586491469924,35.54711429162851,25.088366364244237,24.791694721948517
00135_11_stnd_70_sec_dly_abd_pel_Body_0__resized,135.53598431505793,156.72271759095628,,105.05003778647526,29.419260407994177,43.42736802587029,43.67971261192471,10.512020354681058,574.9823456637804,10.051059483393049,407.43445466119584,36.90492525158666,14.826223149424115,43.36464147001816,16.532064190491162,24.481224958640635,21.721105603871457
00135_9_70_sec_dly_abd_pel_Body_5__resized,79.74801143013846,93.73787556575071,,73.13991354772118,24.010197206081436,47.50460434132749,40.972688178820285,6.832874030804054,342.57314943318886,6.355120823516524,195.81062887018123,18.818516970555336,11.681261590138805,36.573239457812036,14.09180658939557,21.44174645938646,19.682772035284618
00179_6_VENOUS_ADRENALS_WASHOUT_Abdomen__1__resized,,,,40.49603821222971,33.90710598544616,30.791380168571017,,,,,,24.97800533668716,19.317903804049216,,18.81953678021479,,
00179_7_VENOUS_ADRENALS_WASHOUT_Abdomen__1__resized,,,,40.49603821222971,33.90710598544616,30.799589313069287,,,,,,24.97800533668716,19.319107225311676,,18.81953678021479,,
00181_9_Venous_1__resized,45.126418555865804,43.289080744325545,42.008118679313306,48.49237736145983,43.03235533379701,41.25758932325207,87.90152069238238,30.494531005686962,106.5098297841497,26.69143214741468,69.81130843424951,39.03645018677867,24.475435769399358,23.20902761845251,35.53272509995819,33.59020602386904,33.7983916331513
00184_1_Venous_2__resized,,,,30.879548887892486,38.88083840407306,39.269184451967774,,,,,,23.011033440422725,16.272900436284633,,16.1355644633825,,
00235_5_VENOUS_ADRENALS_WASHOUT_Abdomen__1__resized,22.008765921402855,,,42.713951568015396,40.049254190660974,39.885694826823595,,,,,,33.97934045530986,24.675341025250724,,26.764586664976736,,
00247_10_80_SEC_DELAY_Body_5__resized,49.24939404790587,72.12301155868654,,40.91064591325254,38.97035003544518,37.19235796305059,60.68750445400957,19.696941868321986,59.22053658273975,12.242186535272277,29.938945665645758,35.688644896968825,17.693370383164556,173.44830914354174,20.331613767750824,23.737149790754216,19.55689283743719
00249_5_VENOUS_ADRENALS_WASHOUT_Abdomen__1__resized,,,,58.81379405569377,,48.78222844596042,12.22691666744629,,,,16.36790746170765,33.8492379357067,22.480167646674808,,34.076531352292236,,
00249_6_VENOUS_ADRENALS_WASHOUT_Abdomen__1__resized,,,,58.81379405569377,,48.78222844596042,12.22691666744629,,,,16.36790746170765,33.8492379357067,22.47670775618412,,34.07824538062381,,
00347_3_VENOUS_NIH_ADRENAL_TRIPLE_PHASE__1__resized,,,,50.667479712946545,48.70525386501983,48.397842453515864,49.4226462310824,24.42945508122319,31.761828260709436,20.999986471941735,34.80957314779127,51.03091598808489,25.825286678135107,,41.05929693827239,,
00386_5_VENOUS_ADRENALS_WASHOUT_Abdomen__1__resized,54.482575078902634,48.20759637879531,,50.20009868811904,41.35651002003824,41.032380759396524,,,,,,39.21053617679045,24.341318550616197,,34.54817160289747,,
00411_5_VENOUS_ADRENALS_WASHOUT_Abdomen__1__resized,,,,51.33404499543792,46.991301491848205,44.372342157624615,,,,,,33.733226694827344,20.054379426456308,,34.01068885316693,,
00434_3_VENOUS_NIH_ADRENAL_TRIPLE_PHASE__1__resized,45.708400171741644,55.151903271150026,,38.94251673887162,38.18520407277884,38.76721290446709,,,,,,24.050718529974187,15.659015558047248,,25.687089286521108,4.88106468542602,7.662272610289754
00435_3_VENOUS_NIH_ADRENAL_TRIPLE_PHASE__1__resized,,12.690799339425602,,45.24019279308826,50.605560991331274,53.45918143637557,,,,,,46.33758128549467,24.740574001414483,,33.705346473829316,,
00437_3_VENOUS_NIH_ADRENAL_TRIPLE_PHASE__1__resized,,,,84.28367452164929,43.83456950661199,42.83474172980204,42.149525225524144,,45.47228632016722,16.76496281753326,43.26451738662203,39.63426326397097,24.05802498069504,,28.344421215753606,,
00474_3_VENOUS_NIH_ADRENAL_TRIPLE_PHASE__1__resized,8.804428236831328,,,25.506669193970414,35.2573290122838,33.41827925749993,25.961401237168946,,,9.520821382963634,20.765523826290185,24.192783975305293,12.660611226724837,,18.576856031332845,,
00478_3_VENOUS_NIH_ADRENAL_TRIPLE_PHASE__1__resized,19.393771863223144,6.386200460178539,,37.3309469429207,32.86042610650328,31.415780371748554,,,,,,32.316263493730524,20.725082816788703,,28.225789141034333,,
00719_9_70_SEC_DELAY_Body_1__resized,118.01490385586429,74.71887862283975,,48.749004366570354,55.78204036080014,52.07701936029762,36.397534314977705,,27.143823738624466,,51.12075722632348,46.29712717560098,23.197360919620653,,29.189533804994905,16.702860224951028,18.22158203005747
01154_10_Venous_3__resized,58.94785022286239,55.60163858250245,,74.97933552537287,48.464646226299735,45.22628829563589,165.2566632628739,,71.67576475237826,24.273569738897432,43.89022410932852,34.91683065927353,25.52113466035486,,39.18299951645815,22.29710601169314,21.06485992226152
01154_3_Venous_0__resized,52.2083115971484,54.64862519865699,,62.9661584717768,48.222621464026886,43.400514104438145,157.00809169032593,,62.897083516752595,26.922374266515227,49.265769374907805,38.48800565628629,26.869334134867067,,33.58750889976367,29.35369871087183,24.335327262097298
01168_3_ADRENAL_70_SEC_1x0__resized,,,,50.26930780103312,49.8014071191311,46.64792502806963,,,,,,45.26505233228708,27.959833787680406,,31.67801625550597,,
01170_3_ADRENAL_70_SEC_1x0__resized,96.55491033954951,23.13613371273877,,78.83432182304718,64.3661874174535,48.89406965369749,19.094366516044786,,,,,31.978013300384657,20.462438561887442,,24.52701379406415,,
01174_2_ADRENAL_70_SEC_1x0__resized,15.309238889690281,,,50.343969186003996,43.62021768915455,44.988412450711,,,,,,49.16244279768417,23.313352958173162,,33.48383653389864,,
01175_3_ADRENAL_70_SEC_1x0__resized,39.59051640800472,33.3416368762448,,49.16312053610482,58.171953707097636,58.06043801159367,,,,,,33.719511111733894,26.90866811054443,,30.332187067229363,,17.451330349252515
01181_3_ADRENAL_70_SEC_1x0__resized,56.6228952933307,64.70010857889262,42.613910885542246,57.474746438677435,54.01921888978356,53.13919601091834,64.9363952665825,24.632611940137075,81.5124574613374,31.573301287458584,64.26402823094219,45.59525205114311,22.848779555849053,,32.122853240006854,34.0319758879265,19.412567580861683
01183_4_70_sec_AX_SOFT_1x0__resized,34.663532871470174,34.20637917560037,,47.23454457498397,40.78023421532916,37.46343195692248,42.473051546729145,,,33.376470418593584,37.92055977535108,31.17385153703662,21.61265040182494,,24.020786441497712,,
01184_4_70_sec_AX_SOFT_1x0__resized,,,,32.152191578279115,39.22592806218521,35.05816972486006,23.1549615884495,,,,22.724090552470656,35.792193120941825,20.175447580722572,,25.63977239353874,,
01185_3_70_sec_AX_SOFT_1x0__resized,,,,47.06198317690435,46.3591112073725,45.57421152051686,,,,,,29.000140545946717,16.50811190878608,,26.22745420127156,,
01186_3_70_sec_AX_SOFT_1x0__resized,,,,57.62324414167592,45.09467420480268,46.719741453723216,,,,,,49.774099709517216,20.511240150863127,,29.484581135230634,,
01188_3_70_sec_AX_SOFT_1x0__resized,,,,46.3588895432415,52.72455883696635,50.80583570065356,18.151698322254507,,,,15.764381397333139,41.75209860768096,21.857103866607137,,30.79852479734861,,
